Date,Channel,Campaign Name,Spend ($),Leads,Conversions,Revenue ($),Cost per Lead (CPL),Cost per Acquisition (CPA),Conversion Rate (%),ROAS
2024-12-01,Google Ads,Google Campaign 3,1360,376,74,13394,3.617021276595745,18.37837837837838,19.680851063829788,9.848529411764705
2024-12-01,Meta Ads,Meta Campaign 1,4272,853,90,6120,5.00820633059789,47.46666666666667,10.550996483001173,1.4325842696629214
2024-12-01,Email,Email Campaign 3,966,494,52,7280,1.9554655870445343,18.576923076923077,10.526315789473683,7.536231884057971
2024-12-01,Influencer,Influencer Campaign 3,4926,763,141,12408,6.456094364351245,34.93617021276596,18.479685452162517,2.5188794153471377
2024-12-01,LinkedIn Ads,LinkedIn Campaign 4,3944,175,21,3990,22.537142857142857,187.8095238095238,12.0,1.0116632860040569
2024-12-02,Google Ads,Google Campaign 4,3419,803,96,10272,4.257783312577833,35.614583333333336,11.955168119551681,3.004387247733255
2024-12-02,Meta Ads,Meta Campaign 2,630,709,48,5280,0.8885754583921015,13.125,6.770098730606488,8.380952380952381
2024-12-02,Email,Email Campaign 4,1269,944,139,6950,1.3442796610169492,9.129496402877697,14.72457627118644,5.476753349093775
2024-12-02,Influencer,Influencer Campaign 4,2933,436,59,9558,6.727064220183486,49.71186440677966,13.53211009174312,3.258779406750767
2024-12-02,LinkedIn Ads,LinkedIn Campaign 4,1684,458,82,13612,3.6768558951965065,20.536585365853657,17.903930131004365,8.08313539192399
2024-12-03,Google Ads,Google Campaign 2,3885,183,31,3410,21.229508196721312,125.3225806451613,16.939890710382514,0.8777348777348777
2024-12-03,Meta Ads,Meta Campaign 1,3404,864,158,26386,3.939814814814815,21.544303797468356,18.287037037037038,7.751468860164512
2024-12-03,Email,Email Campaign 3,974,262,52,10192,3.717557251908397,18.73076923076923,19.84732824427481,10.464065708418891
2024-12-03,Influencer,Influencer Campaign 2,3058,581,35,3360,5.263339070567986,87.37142857142857,6.024096385542169,1.0987573577501635
2024-12-03,LinkedIn Ads,LinkedIn Campaign 4,2547,282,23,4416,9.03191489361702,110.73913043478261,8.156028368794328,1.733804475853946
2024-12-04,Google Ads,Google Campaign 4,3247,464,92,9476,6.997844827586207,35.29347826086956,19.82758620689655,2.9183862026485987
2024-12-04,Meta Ads,Meta Campaign 2,2306,935,100,6100,2.4663101604278075,23.06,10.695187165775401,2.6452732003469213
2024-12-04,Email,Email Campaign 2,3234,379,72,10872,8.532981530343008,44.916666666666664,18.997361477572557,3.3617810760667903
2024-12-04,Influencer,Influencer Campaign 3,2399,457,65,3705,5.24945295404814,36.90769230769231,14.22319474835886,1.5443934972905378
2024-12-04,LinkedIn Ads,LinkedIn Campaign 4,1767,171,13,1807,10.333333333333334,135.92307692307693,7.602339181286549,1.0226372382569326
2024-12-05,Google Ads,Google Campaign 3,2028,697,71,5467,2.90961262553802,28.56338028169014,10.186513629842182,2.695759368836292
2024-12-05,Meta Ads,Meta Campaign 3,4056,781,81,15714,5.193341869398208,50.074074074074076,10.371318822023047,3.8742603550295858
2024-12-05,Email,Email Campaign 1,1146,250,24,4560,4.584,47.75,9.6,3.979057591623037
2024-12-05,Influencer,Influencer Campaign 3,3388,607,37,6771,5.58154859967051,91.56756756756756,6.095551894563426,1.9985242030696577
2024-12-05,LinkedIn Ads,LinkedIn Campaign 1,2935,643,72,6912,4.564541213063763,40.763888888888886,11.19751166407465,2.3550255536626916
2024-12-06,Google Ads,Google Campaign 2,2863,970,109,11445,2.9515463917525775,26.26605504587156,11.237113402061857,3.997555012224939
2024-12-06,Meta Ads,Meta Campaign 2,741,847,152,24016,0.8748524203069658,4.875,17.945690672963398,32.41025641025641
2024-12-06,Email,Email Campaign 2,3324,54,2,164,61.55555555555556,1662.0,3.7037037037037033,0.049338146811071
2024-12-06,Influencer,Influencer Campaign 2,3112,423,72,4320,7.356973995271868,43.22222222222222,17.02127659574468,1.3881748071979434
2024-12-06,LinkedIn Ads,LinkedIn Campaign 4,1863,902,146,19710,2.065410199556541,12.76027397260274,16.186252771618626,10.579710144927537
2024-12-07,Google Ads,Google Campaign 4,1978,876,154,22638,2.2579908675799087,12.844155844155845,17.579908675799086,11.44489383215369
2024-12-07,Meta Ads,Meta Campaign 4,3056,154,17,3026,19.844155844155843,179.76470588235293,11.03896103896104,0.9901832460732984
2024-12-07,Email,Email Campaign 3,4514,454,26,1430,9.94273127753304,173.6153846153846,5.726872246696035,0.31679220203810365
2024-12-07,Influencer,Influencer Campaign 4,3652,525,90,12960,6.956190476190476,40.577777777777776,17.142857142857142,3.5487404162102956
2024-12-07,LinkedIn Ads,LinkedIn Campaign 4,2085,694,138,9936,3.0043227665706054,15.108695652173912,19.88472622478386,4.765467625899281
2024-12-08,Google Ads,Google Campaign 2,3573,614,117,15444,5.819218241042345,30.53846153846154,19.055374592833875,4.3224181360201515
2024-12-08,Meta Ads,Meta Campaign 2,3961,194,16,2544,20.417525773195877,247.5625,8.24742268041237,0.6422620550366069
2024-12-08,Email,Email Campaign 2,4343,50,9,477,86.86,482.55555555555554,18.0,0.10983191342390053
2024-12-08,Influencer,Influencer Campaign 3,2000,495,89,7209,4.040404040404041,22.471910112359552,17.97979797979798,3.6045
2024-12-08,LinkedIn Ads,LinkedIn Campaign 2,661,83,8,968,7.963855421686747,82.625,9.63855421686747,1.4644478063540092
2024-12-09,Google Ads,Google Campaign 4,2481,600,90,15030,4.135,27.566666666666666,15.0,6.058041112454656
2024-12-09,Meta Ads,Meta Campaign 4,3842,820,104,6344,4.685365853658537,36.94230769230769,12.682926829268293,1.6512233211868819
2024-12-09,Email,Email Campaign 4,4298,103,20,2120,41.728155339805824,214.9,19.41747572815534,0.4932526756630991
2024-12-09,Influencer,Influencer Campaign 2,1516,450,31,2976,3.368888888888889,48.903225806451616,6.888888888888889,1.963060686015831
2024-12-09,LinkedIn Ads,LinkedIn Campaign 3,837,968,158,21172,0.8646694214876033,5.2974683544303796,16.32231404958678,25.29510155316607
2024-12-10,Google Ads,Google Campaign 4,1576,959,149,22648,1.643378519290928,10.577181208053691,15.53701772679875,14.370558375634518
2024-12-10,Meta Ads,Meta Campaign 1,4493,471,67,5829,9.53927813163482,67.05970149253731,14.225053078556263,1.2973514355664366
2024-12-10,Email,Email Campaign 1,879,355,49,3871,2.476056338028169,17.93877551020408,13.802816901408452,4.40386803185438
2024-12-10,Influencer,Influencer Campaign 1,2562,384,44,4444,6.671875,58.22727272727273,11.458333333333332,1.7345823575331771
2024-12-10,LinkedIn Ads,LinkedIn Campaign 1,564,298,37,4736,1.8926174496644295,15.243243243243244,12.416107382550337,8.397163120567376
2024-12-11,Google Ads,Google Campaign 4,3068,591,84,8400,5.191201353637902,36.523809523809526,14.213197969543149,2.7379400260756195
2024-12-11,Meta Ads,Meta Campaign 4,2527,130,25,4525,19.43846153846154,101.08,19.230769230769234,1.7906608626830234
2024-12-11,Email,Email Campaign 3,1995,187,35,4305,10.668449197860962,57.0,18.71657754010695,2.1578947368421053
2024-12-11,Influencer,Influencer Campaign 3,891,834,74,8732,1.0683453237410072,12.04054054054054,8.872901678657074,9.800224466891134
2024-12-11,LinkedIn Ads,LinkedIn Campaign 1,4974,595,85,14875,8.359663865546219,58.51764705882353,14.285714285714285,2.990550864495376
2024-12-12,Google Ads,Google Campaign 3,4061,796,109,17876,5.101758793969849,37.25688073394495,13.693467336683419,4.40187146023147
2024-12-12,Meta Ads,Meta Campaign 3,3599,160,11,1419,22.49375,327.1818181818182,6.875000000000001,0.3942761878299528
2024-12-12,Email,Email Campaign 4,700,144,15,2895,4.861111111111111,46.666666666666664,10.416666666666668,4.135714285714286
2024-12-12,Influencer,Influencer Campaign 4,3604,569,43,7783,6.333919156414763,83.81395348837209,7.5571177504393665,2.1595449500554937
2024-12-12,LinkedIn Ads,LinkedIn Campaign 2,2954,745,83,12035,3.96510067114094,35.59036144578313,11.140939597315436,4.074136763710223
2024-12-13,Google Ads,Google Campaign 3,1304,244,31,3410,5.344262295081967,42.064516129032256,12.704918032786885,2.6150306748466257
2024-12-13,Meta Ads,Meta Campaign 4,3231,683,57,3990,4.730600292825769,56.68421052631579,8.345534407027818,1.234911792014856
2024-12-13,Email,Email Campaign 3,3273,54,5,550,60.611111111111114,654.6,9.25925925925926,0.16804155209288116
2024-12-13,Influencer,Influencer Campaign 1,2070,583,36,1800,3.550600343053173,57.5,6.174957118353345,0.8695652173913043
2024-12-13,LinkedIn Ads,LinkedIn Campaign 1,3190,694,82,11398,4.596541786743516,38.90243902439025,11.815561959654179,3.573040752351097
2024-12-14,Google Ads,Google Campaign 2,1528,95,9,1143,16.08421052631579,169.77777777777777,9.473684210526317,0.7480366492146597
2024-12-14,Meta Ads,Meta Campaign 3,1002,779,119,14518,1.2862644415917843,8.420168067226891,15.275994865211809,14.489021956087825
2024-12-14,Email,Email Campaign 3,4993,843,143,24310,5.9228944246737845,34.91608391608391,16.9632265717675,4.868816342880032
2024-12-14,Influencer,Influencer Campaign 3,4988,263,16,2288,18.96577946768061,311.75,6.083650190114068,0.458700882117081
2024-12-14,LinkedIn Ads,LinkedIn Campaign 3,1984,156,29,3190,12.717948717948717,68.41379310344827,18.58974358974359,1.6078629032258065
2024-12-15,Google Ads,Google Campaign 3,1363,386,35,1750,3.5310880829015545,38.94285714285714,9.067357512953368,1.2839325018341894
2024-12-15,Meta Ads,Meta Campaign 1,1063,57,9,864,18.649122807017545,118.11111111111111,15.789473684210526,0.812793979303857
2024-12-15,Email,Email Campaign 4,4691,688,129,8127,6.818313953488372,36.36434108527132,18.75,1.7324664250692816
2024-12-15,Influencer,Influencer Campaign 1,2257,523,85,10795,4.315487571701721,26.55294117647059,16.252390057361378,4.782897651750111
2024-12-15,LinkedIn Ads,LinkedIn Campaign 3,2178,265,41,2583,8.218867924528302,53.1219512195122,15.471698113207546,1.1859504132231404
2024-12-16,Google Ads,Google Campaign 1,1559,748,65,3640,2.084224598930481,23.984615384615385,8.689839572192513,2.3348300192431046
2024-12-16,Meta Ads,Meta Campaign 3,2222,52,9,1404,42.73076923076923,246.88888888888889,17.307692307692307,0.6318631863186318
2024-12-16,Email,Email Campaign 4,3657,800,43,2881,4.57125,85.04651162790698,5.375,0.7878042111019962
2024-12-16,Influencer,Influencer Campaign 2,3125,555,57,9348,5.63063063063063,54.824561403508774,10.27027027027027,2.99136
2024-12-16,LinkedIn Ads,LinkedIn Campaign 1,2097,64,4,672,32.765625,524.25,6.25,0.32045779685264664
2024-12-17,Google Ads,Google Campaign 2,3560,534,41,3608,6.666666666666667,86.82926829268293,7.677902621722846,1.0134831460674156
2024-12-17,Meta Ads,Meta Campaign 4,4127,322,26,4550,12.816770186335404,158.73076923076923,8.074534161490684,1.1024957596316938
2024-12-17,Email,Email Campaign 3,2481,861,73,4526,2.8815331010452963,33.986301369863014,8.478513356562138,1.8242644095122935
2024-12-17,Influencer,Influencer Campaign 2,2163,261,31,5797,8.28735632183908,69.7741935483871,11.877394636015326,2.6800739713361073
2024-12-17,LinkedIn Ads,LinkedIn Campaign 4,2538,116,17,3315,21.879310344827587,149.2941176470588,14.655172413793101,1.3061465721040189
2024-12-18,Google Ads,Google Campaign 2,3802,160,22,1826,23.7625,172.8181818181818,13.750000000000002,0.4802735402419779
2024-12-18,Meta Ads,Meta Campaign 2,1806,672,108,17496,2.6875,16.72222222222222,16.071428571428573,9.687707641196013
2024-12-18,Email,Email Campaign 1,3175,797,55,8250,3.9836888331242157,57.72727272727273,6.900878293601004,2.5984251968503935
2024-12-18,Influencer,Influencer Campaign 3,1782,567,104,11752,3.142857142857143,17.134615384615383,18.342151675485006,6.594837261503928
2024-12-18,LinkedIn Ads,LinkedIn Campaign 4,1209,787,68,7344,1.5362134688691234,17.779411764705884,8.640406607369759,6.074441687344913
2024-12-19,Google Ads,Google Campaign 1,4913,926,92,15640,5.30561555075594,53.40217391304348,9.935205183585314,3.1833910034602075
2024-12-19,Meta Ads,Meta Campaign 3,1163,338,17,1190,3.440828402366864,68.41176470588235,5.029585798816568,1.0232158211521927
2024-12-19,Email,Email Campaign 4,3945,759,79,12719,5.1976284584980235,49.936708860759495,10.408432147562582,3.2240811153358684
2024-12-19,Influencer,Influencer Campaign 1,1995,565,100,11100,3.5309734513274336,19.95,17.699115044247787,5.56390977443609
2024-12-19,LinkedIn Ads,LinkedIn Campaign 1,4263,399,30,3120,10.68421052631579,142.1,7.518796992481203,0.7318789584799437
2024-12-20,Google Ads,Google Campaign 1,2353,186,11,880,12.650537634408602,213.9090909090909,5.913978494623656,0.37399065023374417
2024-12-20,Meta Ads,Meta Campaign 2,1791,89,13,715,20.123595505617978,137.76923076923077,14.606741573033707,0.3992183137911781
2024-12-20,Email,Email Campaign 3,3957,371,50,6200,10.66576819407008,79.14,13.477088948787062,1.5668435683598685
2024-12-20,Influencer,Influencer Campaign 1,2136,53,2,334,40.301886792452834,1068.0,3.7735849056603774,0.15636704119850187
2024-12-20,LinkedIn Ads,LinkedIn Campaign 1,3499,930,114,12654,3.7623655913978493,30.69298245614035,12.258064516129032,3.6164618462417835
2024-12-21,Google Ads,Google Campaign 1,1198,490,77,14245,2.4448979591836735,15.558441558441558,15.714285714285714,11.890651085141902
2024-12-21,Meta Ads,Meta Campaign 2,4597,75,6,558,61.29333333333334,766.1666666666666,8.0,0.12138351098542528
2024-12-21,Email,Email Campaign 1,1354,694,54,9018,1.9510086455331412,25.074074074074073,7.780979827089338,6.6602658788774
2024-12-21,Influencer,Influencer Campaign 2,3974,885,100,6900,4.490395480225989,39.74,11.299435028248588,1.7362858580775038
2024-12-21,LinkedIn Ads,LinkedIn Campaign 2,2207,162,20,1000,13.623456790123457,110.35,12.345679012345679,0.45310376076121434
2024-12-22,Google Ads,Google Campaign 4,2233,139,22,1914,16.06474820143885,101.5,15.827338129496402,0.8571428571428571
2024-12-22,Meta Ads,Meta Campaign 3,4010,854,107,15943,4.695550351288056,37.47663551401869,12.52927400468384,3.975810473815461
2024-12-22,Email,Email Campaign 3,3755,894,116,21228,4.200223713646532,32.37068965517241,12.97539149888143,5.653262316910785
2024-12-22,Influencer,Influencer Campaign 3,4996,739,87,4698,6.7604871447902575,57.42528735632184,11.772665764546684,0.9403522818254604
2024-12-22,LinkedIn Ads,LinkedIn Campaign 4,4889,968,128,22912,5.050619834710743,38.1953125,13.223140495867769,4.686438944569441
2024-12-23,Google Ads,Google Campaign 2,3431,62,9,1197,55.33870967741935,381.22222222222223,14.516129032258066,0.34887787816962984
2024-12-23,Meta Ads,Meta Campaign 2,697,370,26,3172,1.8837837837837839,26.807692307692307,7.027027027027027,4.550932568149211
2024-12-23,Email,Email Campaign 3,2430,834,56,10752,2.9136690647482015,43.392857142857146,6.71462829736211,4.424691358024691
2024-12-23,Influencer,Influencer Campaign 1,1108,969,136,19448,1.1434468524251806,8.147058823529411,14.035087719298245,17.552346570397113
2024-12-23,LinkedIn Ads,LinkedIn Campaign 3,1647,144,27,2997,11.4375,61.0,18.75,1.819672131147541
2024-12-24,Google Ads,Google Campaign 4,3897,285,31,5146,13.673684210526316,125.70967741935483,10.87719298245614,1.3205029509879394
2024-12-24,Meta Ads,Meta Campaign 4,2294,425,84,10500,5.397647058823529,27.30952380952381,19.76470588235294,4.577157802964255
2024-12-24,Email,Email Campaign 3,3311,596,112,12656,5.555369127516778,29.5625,18.79194630872483,3.8224101479915435
2024-12-24,Influencer,Influencer Campaign 3,1869,967,55,7810,1.9327817993795242,33.981818181818184,5.687693898655636,4.178705189941145
2024-12-24,LinkedIn Ads,LinkedIn Campaign 4,646,889,154,9702,0.7266591676040495,4.194805194805195,17.322834645669293,15.018575851393189
2024-12-25,Google Ads,Google Campaign 3,3411,877,65,3510,3.88939566704675,52.47692307692308,7.411630558722919,1.029023746701847
2024-12-25,Meta Ads,Meta Campaign 1,2343,900,134,14874,2.6033333333333335,17.48507462686567,14.888888888888888,6.348271446862996
2024-12-25,Email,Email Campaign 4,3476,181,17,1547,19.204419889502763,204.47058823529412,9.392265193370166,0.4450517836593786
2024-12-25,Influencer,Influencer Campaign 4,2885,138,21,2541,20.905797101449274,137.38095238095238,15.217391304347828,0.8807625649913345
2024-12-25,LinkedIn Ads,LinkedIn Campaign 4,2302,344,54,4374,6.691860465116279,42.629629629629626,15.69767441860465,1.9000868809730669
2024-12-26,Google Ads,Google Campaign 2,4561,740,106,15476,6.1635135135135135,43.028301886792455,14.324324324324325,3.393115544836659
2024-12-26,Meta Ads,Meta Campaign 4,762,72,8,1552,10.583333333333334,95.25,11.11111111111111,2.036745406824147
2024-12-26,Email,Email Campaign 1,1123,274,29,2958,4.098540145985401,38.724137931034484,10.583941605839415,2.634016028495102
2024-12-26,Influencer,Influencer Campaign 1,4143,665,56,4928,6.230075187969925,73.98214285714286,8.421052631578947,1.1894762249577602
2024-12-26,LinkedIn Ads,LinkedIn Campaign 1,2549,996,114,13224,2.5592369477911645,22.359649122807017,11.44578313253012,5.1879168301294625
2024-12-27,Google Ads,Google Campaign 1,4223,440,70,6370,9.597727272727273,60.32857142857143,15.909090909090908,1.5084063461993844
2024-12-27,Meta Ads,Meta Campaign 4,3608,497,37,5920,7.259557344064386,97.51351351351352,7.44466800804829,1.6407982261640799
2024-12-27,Email,Email Campaign 3,4590,718,89,7743,6.392757660167131,51.57303370786517,12.395543175487465,1.6869281045751634
2024-12-27,Influencer,Influencer Campaign 1,2556,490,47,3854,5.216326530612245,54.38297872340426,9.591836734693878,1.5078247261345852
2024-12-27,LinkedIn Ads,LinkedIn Campaign 3,3670,303,24,2760,12.112211221122113,152.91666666666666,7.920792079207921,0.7520435967302452
2024-12-28,Google Ads,Google Campaign 3,2755,571,70,8610,4.824868651488616,39.357142857142854,12.259194395796849,3.1252268602540836
2024-12-28,Meta Ads,Meta Campaign 4,4999,914,59,11210,5.469365426695842,84.72881355932203,6.455142231947483,2.2424484896979395
2024-12-28,Email,Email Campaign 1,3691,208,22,3476,17.745192307692307,167.77272727272728,10.576923076923077,0.9417502031969656
2024-12-28,Influencer,Influencer Campaign 4,4491,265,37,2368,16.947169811320755,121.37837837837837,13.962264150943396,0.5272767757737697
2024-12-28,LinkedIn Ads,LinkedIn Campaign 4,2148,206,26,2496,10.427184466019417,82.61538461538461,12.62135922330097,1.1620111731843576
2024-12-29,Google Ads,Google Campaign 4,1945,373,59,10561,5.214477211796247,32.96610169491525,15.81769436997319,5.4298200514138815
2024-12-29,Meta Ads,Meta Campaign 2,4423,460,67,5695,9.615217391304348,66.01492537313433,14.565217391304348,1.2875876102193082
2024-12-29,Email,Email Campaign 2,3683,843,73,8614,4.368920521945433,50.45205479452055,8.659549228944247,2.338854194949769
2024-12-29,Influencer,Influencer Campaign 1,598,709,54,6642,0.843441466854725,11.074074074074074,7.6163610719323,11.107023411371237
2024-12-29,LinkedIn Ads,LinkedIn Campaign 4,3461,921,126,9072,3.757871878393051,27.46825396825397,13.680781758957655,2.6212077434267553
2024-12-30,Google Ads,Google Campaign 2,4933,864,80,12480,5.7094907407407405,61.6625,9.25925925925926,2.5299006689641192
2024-12-30,Meta Ads,Meta Campaign 3,3369,445,83,12699,7.570786516853933,40.59036144578313,18.651685393258425,3.769367764915405
2024-12-30,Email,Email Campaign 1,4291,259,36,5760,16.56756756756757,119.19444444444444,13.8996138996139,1.3423444418550454
2024-12-30,Influencer,Influencer Campaign 1,4567,665,120,17880,6.867669172932331,38.05833333333333,18.045112781954884,3.915042697613313
2024-12-30,LinkedIn Ads,LinkedIn Campaign 1,4993,373,62,5332,13.386058981233244,80.53225806451613,16.621983914209114,1.067895053074304
2024-12-31,Google Ads,Google Campaign 4,4487,889,131,18471,5.047244094488189,34.25190839694657,14.735658042744657,4.116558948072209
2024-12-31,Meta Ads,Meta Campaign 1,1718,848,119,11900,2.025943396226415,14.436974789915967,14.033018867924529,6.926658905704308
2024-12-31,Email,Email Campaign 4,3604,78,5,450,46.205128205128204,720.8,6.41025641025641,0.12486126526082131
2024-12-31,Influencer,Influencer Campaign 3,1454,775,144,7200,1.8761290322580646,10.097222222222221,18.580645161290324,4.951856946354883
2024-12-31,LinkedIn Ads,LinkedIn Campaign 2,3946,863,73,10147,4.57242178447277,54.054794520547944,8.458864426419467,2.5714647744551447
2025-01-01,Google Ads,Google Campaign 2,2193,671,52,5512,3.2682563338301045,42.17307692307692,7.749627421758569,2.513451892384861
2025-01-01,Meta Ads,Meta Campaign 3,3936,50,9,936,78.72,437.3333333333333,18.0,0.23780487804878048
2025-01-01,Email,Email Campaign 4,2985,420,58,11484,7.107142857142857,51.46551724137931,13.80952380952381,3.8472361809045226
2025-01-01,Influencer,Influencer Campaign 3,3854,480,27,5022,8.029166666666667,142.74074074074073,5.625,1.3030617540217955
2025-01-01,LinkedIn Ads,LinkedIn Campaign 1,725,251,42,6972,2.8884462151394423,17.261904761904763,16.733067729083665,9.616551724137931
2025-01-02,Google Ads,Google Campaign 1,1459,715,71,7952,2.0405594405594405,20.549295774647888,9.93006993006993,5.450308430431803
2025-01-02,Meta Ads,Meta Campaign 1,3567,293,38,4712,12.174061433447099,93.86842105263158,12.969283276450511,1.3209980375665826
2025-01-02,Email,Email Campaign 3,1315,855,87,12180,1.5380116959064327,15.114942528735632,10.175438596491228,9.262357414448669
2025-01-02,Influencer,Influencer Campaign 4,3620,578,79,12403,6.262975778546712,45.822784810126585,13.667820069204154,3.426243093922652
2025-01-02,LinkedIn Ads,LinkedIn Campaign 4,516,812,57,4218,0.6354679802955665,9.052631578947368,7.0197044334975365,8.174418604651162
2025-01-03,Google Ads,Google Campaign 2,1743,229,25,3425,7.611353711790393,69.72,10.91703056768559,1.9650028686173264
2025-01-03,Meta Ads,Meta Campaign 2,3024,210,21,2352,14.4,144.0,10.0,0.7777777777777778
2025-01-03,Email,Email Campaign 2,3944,711,59,9617,5.547116736990155,66.84745762711864,8.29817158931083,2.438387423935091
2025-01-03,Influencer,Influencer Campaign 4,1560,518,65,8450,3.011583011583012,24.0,12.548262548262548,5.416666666666667
2025-01-03,LinkedIn Ads,LinkedIn Campaign 1,3920,133,15,2955,29.473684210526315,261.3333333333333,11.278195488721805,0.7538265306122449
2025-01-04,Google Ads,Google Campaign 1,801,679,121,13552,1.1796759941089838,6.619834710743802,17.820324005891017,16.918851435705367
2025-01-04,Meta Ads,Meta Campaign 3,1106,750,58,6960,1.4746666666666666,19.06896551724138,7.733333333333333,6.292947558770344
2025-01-04,Email,Email Campaign 1,1199,818,78,13416,1.4657701711491442,15.371794871794872,9.535452322738386,11.189324437030859
2025-01-04,Influencer,Influencer Campaign 3,1639,772,79,6162,2.123056994818653,20.746835443037973,10.233160621761659,3.7596095179987796
2025-01-04,LinkedIn Ads,LinkedIn Campaign 1,2800,354,19,1501,7.909604519774011,147.3684210526316,5.367231638418079,0.5360714285714285
2025-01-05,Google Ads,Google Campaign 3,3475,193,26,1742,18.00518134715026,133.65384615384616,13.471502590673575,0.5012949640287769
2025-01-05,Meta Ads,Meta Campaign 4,1684,818,136,22032,2.058679706601467,12.382352941176471,16.625916870415647,13.08313539192399
2025-01-05,Email,Email Campaign 4,3894,163,20,2240,23.88957055214724,194.7,12.269938650306749,0.5752439650744735
2025-01-05,Influencer,Influencer Campaign 1,2565,693,53,5512,3.7012987012987013,48.39622641509434,7.6479076479076475,2.1489278752436647
2025-01-05,LinkedIn Ads,LinkedIn Campaign 3,1069,920,149,8791,1.1619565217391303,7.174496644295302,16.195652173913043,8.22357343311506
2025-01-06,Google Ads,Google Campaign 2,2395,507,93,16089,4.723865877712032,25.752688172043012,18.34319526627219,6.717745302713987
2025-01-06,Meta Ads,Meta Campaign 2,4363,136,26,2106,32.080882352941174,167.80769230769232,19.11764705882353,0.48269539307815723
2025-01-06,Email,Email Campaign 2,4514,227,40,2280,19.88546255506608,112.85,17.62114537444934,0.5050952591936199
2025-01-06,Influencer,Influencer Campaign 2,2186,882,117,13572,2.4784580498866213,18.683760683760685,13.26530612244898,6.208600182982616
2025-01-06,LinkedIn Ads,LinkedIn Campaign 2,654,492,61,7381,1.329268292682927,10.721311475409836,12.398373983739837,11.285932721712538
2025-01-07,Google Ads,Google Campaign 2,1909,103,10,1160,18.533980582524272,190.9,9.70873786407767,0.607647983237297
2025-01-07,Meta Ads,Meta Campaign 4,1284,100,14,798,12.84,91.71428571428571,14.000000000000002,0.6214953271028038
2025-01-07,Email,Email Campaign 4,4841,467,79,10823,10.366167023554604,61.278481012658226,16.916488222698074,2.2356951043172897
2025-01-07,Influencer,Influencer Campaign 2,3306,127,17,1615,26.031496062992126,194.47058823529412,13.385826771653544,0.4885057471264368
2025-01-07,LinkedIn Ads,LinkedIn Campaign 1,2341,540,104,19864,4.3351851851851855,22.509615384615383,19.25925925925926,8.48526270824434
2025-01-08,Google Ads,Google Campaign 1,2955,784,77,4312,3.7691326530612246,38.37662337662338,9.821428571428571,1.4592216582064297
2025-01-08,Meta Ads,Meta Campaign 1,3450,379,23,3082,9.102902374670185,150.0,6.068601583113456,0.8933333333333333
2025-01-08,Email,Email Campaign 1,4631,196,13,2548,23.627551020408163,356.2307692307692,6.63265306122449,0.5502051392787735
2025-01-08,Influencer,Influencer Campaign 1,4615,597,87,11397,7.730318257956449,53.04597701149425,14.572864321608039,2.4695557963163597
2025-01-08,LinkedIn Ads,LinkedIn Campaign 4,4347,563,105,20685,7.721136767317939,41.4,18.650088809946713,4.758454106280193
2025-01-09,Google Ads,Google Campaign 2,4995,572,50,8950,8.732517482517483,99.9,8.741258741258742,1.7917917917917918
2025-01-09,Meta Ads,Meta Campaign 3,1471,756,104,19656,1.9457671957671958,14.14423076923077,13.756613756613756,13.362338545207342
2025-01-09,Email,Email Campaign 4,1666,581,83,15438,2.8674698795180724,20.072289156626507,14.285714285714285,9.266506602641057
2025-01-09,Influencer,Influencer Campaign 3,3274,275,49,7252,11.905454545454546,66.81632653061224,17.81818181818182,2.215027489309713
2025-01-09,LinkedIn Ads,LinkedIn Campaign 3,1353,549,107,16799,2.4644808743169397,12.644859813084112,19.489981785063755,12.416112342941611
2025-01-10,Google Ads,Google Campaign 2,4236,329,22,3718,12.875379939209726,192.54545454545453,6.68693009118541,0.8777148253068933
2025-01-10,Meta Ads,Meta Campaign 2,1074,108,19,3363,9.944444444444445,56.526315789473685,17.59259259259259,3.131284916201117
2025-01-10,Email,Email Campaign 2,1648,785,89,14596,2.0993630573248407,18.51685393258427,11.337579617834395,8.856796116504855
2025-01-10,Influencer,Influencer Campaign 2,2215,258,23,2047,8.585271317829458,96.30434782608695,8.914728682170542,0.9241534988713318
2025-01-10,LinkedIn Ads,LinkedIn Campaign 2,4354,286,31,2201,15.223776223776223,140.4516129032258,10.839160839160838,0.505512172714745
2025-01-11,Google Ads,Google Campaign 1,2991,284,32,2496,10.53169014084507,93.46875,11.267605633802818,0.8345035105315948
2025-01-11,Meta Ads,Meta Campaign 4,3624,158,24,2064,22.936708860759495,151.0,15.18987341772152,0.5695364238410596
2025-01-11,Email,Email Campaign 4,3551,124,21,3717,28.637096774193548,169.0952380952381,16.93548387096774,1.046747395099972
2025-01-11,Influencer,Influencer Campaign 3,504,902,155,13950,0.5587583148558758,3.2516129032258063,17.184035476718403,27.678571428571427
2025-01-11,LinkedIn Ads,LinkedIn Campaign 4,1376,983,59,10089,1.399796541200407,23.322033898305083,6.002034587995931,7.332122093023256
2025-01-12,Google Ads,Google Campaign 3,4642,637,51,7905,7.287284144427002,91.01960784313725,8.006279434850864,1.7029297716501508
2025-01-12,Meta Ads,Meta Campaign 2,4864,391,27,2862,12.439897698209718,180.14814814814815,6.905370843989769,0.5884046052631579
2025-01-12,Email,Email Campaign 2,1135,336,60,8820,3.3779761904761907,18.916666666666668,17.857142857142858,7.770925110132159
2025-01-12,Influencer,Influencer Campaign 3,2193,317,45,4590,6.917981072555205,48.733333333333334,14.195583596214512,2.0930232558139537
2025-01-12,LinkedIn Ads,LinkedIn Campaign 3,619,504,68,13192,1.2281746031746033,9.102941176470589,13.492063492063492,21.311793214862682
2025-01-13,Google Ads,Google Campaign 2,4175,971,107,18297,4.299691040164778,39.018691588785046,11.019567456230691,4.38251497005988
2025-01-13,Meta Ads,Meta Campaign 1,1869,607,34,3502,3.0790774299835255,54.970588235294116,5.601317957166392,1.873729266987694
2025-01-13,Email,Email Campaign 2,616,412,31,2635,1.4951456310679612,19.870967741935484,7.524271844660194,4.277597402597403
2025-01-13,Influencer,Influencer Campaign 3,3338,420,36,7128,7.947619047619048,92.72222222222223,8.571428571428571,2.1354104254044337
2025-01-13,LinkedIn Ads,LinkedIn Campaign 1,2431,828,77,12474,2.935990338164251,31.571428571428573,9.29951690821256,5.131221719457014
2025-01-14,Google Ads,Google Campaign 2,2164,236,22,2266,9.169491525423728,98.36363636363636,9.322033898305085,1.0471349353049908
2025-01-14,Meta Ads,Meta Campaign 3,1012,147,16,3184,6.884353741496598,63.25,10.884353741496598,3.1462450592885376
2025-01-14,Email,Email Campaign 4,3349,118,14,1190,28.38135593220339,239.21428571428572,11.864406779661017,0.3553299492385787
2025-01-14,Influencer,Influencer Campaign 1,1059,800,71,9230,1.32375,14.915492957746478,8.875,8.715769593956562
2025-01-14,LinkedIn Ads,LinkedIn Campaign 1,3843,556,77,9394,6.911870503597123,49.90909090909091,13.848920863309353,2.4444444444444446
2025-01-15,Google Ads,Google Campaign 4,4570,762,78,13884,5.997375328083989,58.58974358974359,10.236220472440944,3.038074398249453
2025-01-15,Meta Ads,Meta Campaign 1,1970,266,41,6273,7.406015037593985,48.048780487804876,15.413533834586465,3.184263959390863
2025-01-15,Email,Email Campaign 3,2794,91,10,840,30.703296703296704,279.4,10.989010989010989,0.3006442376521117
2025-01-15,Influencer,Influencer Campaign 2,3647,180,11,1727,20.261111111111113,331.54545454545456,6.111111111111111,0.47353989580477107
2025-01-15,LinkedIn Ads,LinkedIn Campaign 3,2179,221,43,6493,9.85972850678733,50.674418604651166,19.457013574660635,2.9798072510325837
2025-01-16,Google Ads,Google Campaign 1,3244,915,59,8850,3.5453551912568306,54.983050847457626,6.448087431693988,2.7281134401972875
2025-01-16,Meta Ads,Meta Campaign 4,4545,93,15,1470,48.87096774193548,303.0,16.129032258064516,0.3234323432343234
2025-01-16,Email,Email Campaign 1,3618,66,12,1248,54.81818181818182,301.5,18.181818181818183,0.3449419568822554
2025-01-16,Influencer,Influencer Campaign 2,2641,546,42,4662,4.836996336996337,62.88095238095238,7.6923076923076925,1.7652404392275653
2025-01-16,LinkedIn Ads,LinkedIn Campaign 1,3559,641,115,6555,5.5522620904836195,30.94782608695652,17.94071762870515,1.8418094970497332
2025-01-17,Google Ads,Google Campaign 2,3459,710,116,19372,4.871830985915493,29.81896551724138,16.338028169014084,5.6004625614339405
2025-01-17,Meta Ads,Meta Campaign 1,2979,759,149,20562,3.924901185770751,19.993288590604028,19.63109354413702,6.902316213494461
2025-01-17,Email,Email Campaign 1,2135,317,26,4108,6.735015772870662,82.11538461538461,8.201892744479496,1.9241217798594847
2025-01-17,Influencer,Influencer Campaign 1,2257,587,32,1888,3.8449744463373086,70.53125,5.45144804088586,0.8365086397873283
2025-01-17,LinkedIn Ads,LinkedIn Campaign 2,2570,65,12,900,39.53846153846154,214.16666666666666,18.461538461538463,0.35019455252918286
2025-01-18,Google Ads,Google Campaign 4,3349,135,25,1575,24.807407407407407,133.96,18.51851851851852,0.47028963869811885
2025-01-18,Meta Ads,Meta Campaign 2,4230,384,59,10974,11.015625,71.69491525423729,15.364583333333334,2.594326241134752
2025-01-18,Email,Email Campaign 1,2131,932,175,18900,2.286480686695279,12.177142857142858,18.776824034334762,8.869075551384327
2025-01-18,Influencer,Influencer Campaign 1,1515,776,131,21615,1.952319587628866,11.564885496183207,16.881443298969074,14.267326732673267
2025-01-18,LinkedIn Ads,LinkedIn Campaign 4,3587,984,116,17632,3.6453252032520327,30.92241379310345,11.788617886178862,4.915528296626707
2025-01-19,Google Ads,Google Campaign 3,835,322,47,7379,2.593167701863354,17.76595744680851,14.596273291925465,8.837125748502993
2025-01-19,Meta Ads,Meta Campaign 4,1395,237,28,5040,5.886075949367089,49.82142857142857,11.814345991561181,3.6129032258064515
2025-01-19,Email,Email Campaign 4,4046,854,110,17270,4.737704918032787,36.78181818181818,12.88056206088993,4.268413247652002
2025-01-19,Influencer,Influencer Campaign 4,2187,88,8,424,24.852272727272727,273.375,9.090909090909092,0.19387288523090992
2025-01-19,LinkedIn Ads,LinkedIn Campaign 4,4246,398,59,11210,10.668341708542714,71.96610169491525,14.824120603015075,2.640131888836552
2025-01-20,Google Ads,Google Campaign 1,2068,771,98,15386,2.682230869001297,21.102040816326532,12.710765239948119,7.440038684719536
2025-01-20,Meta Ads,Meta Campaign 3,3238,943,106,8798,3.4337221633085897,30.547169811320753,11.240721102863201,2.7171093267449042
2025-01-20,Email,Email Campaign 3,4413,463,23,1426,9.531317494600431,191.8695652173913,4.967602591792657,0.32313618853387716
2025-01-20,Influencer,Influencer Campaign 1,4880,190,20,2900,25.68421052631579,244.0,10.526315789473683,0.5942622950819673
2025-01-20,LinkedIn Ads,LinkedIn Campaign 3,4607,788,47,4465,5.846446700507614,98.02127659574468,5.964467005076142,0.9691773388322118
2025-01-21,Google Ads,Google Campaign 2,3873,78,12,1332,49.65384615384615,322.75,15.384615384615385,0.3439194422927963
2025-01-21,Meta Ads,Meta Campaign 2,3046,294,35,2275,10.360544217687075,87.02857142857142,11.904761904761903,0.7468811556139199
2025-01-21,Email,Email Campaign 3,2582,489,44,7480,5.280163599182004,58.68181818181818,8.997955010224949,2.8969790859798605
2025-01-21,Influencer,Influencer Campaign 2,3396,315,20,3040,10.780952380952382,169.8,6.349206349206349,0.8951707891637221
2025-01-21,LinkedIn Ads,LinkedIn Campaign 1,1275,389,62,3224,3.2776349614395888,20.56451612903226,15.938303341902312,2.5286274509803923
2025-01-22,Google Ads,Google Campaign 2,2125,478,49,5733,4.445606694560669,43.36734693877551,10.251046025104603,2.6978823529411766
2025-01-22,Meta Ads,Meta Campaign 3,917,195,16,1952,4.702564102564103,57.3125,8.205128205128204,2.128680479825518
2025-01-22,Email,Email Campaign 3,1116,448,48,6576,2.4910714285714284,23.25,10.714285714285714,5.89247311827957
2025-01-22,Influencer,Influencer Campaign 2,3767,189,36,3096,19.93121693121693,104.63888888888889,19.047619047619047,0.8218741704273959
2025-01-22,LinkedIn Ads,LinkedIn Campaign 3,2016,110,9,1557,18.327272727272728,224.0,8.181818181818182,0.7723214285714286
2025-01-23,Google Ads,Google Campaign 4,912,759,149,16688,1.2015810276679841,6.120805369127517,19.63109354413702,18.29824561403509
2025-01-23,Meta Ads,Meta Campaign 1,1228,351,49,5439,3.4985754985754984,25.06122448979592,13.96011396011396,4.42915309446254
2025-01-23,Email,Email Campaign 4,3308,894,177,17877,3.7002237136465324,18.689265536723163,19.798657718120804,5.404171704957679
2025-01-23,Influencer,Influencer Campaign 1,3965,821,69,13593,4.829476248477467,57.46376811594203,8.404384896467722,3.4282471626733924
2025-01-23,LinkedIn Ads,LinkedIn Campaign 4,3004,910,134,22244,3.301098901098901,22.417910447761194,14.725274725274726,7.40479360852197
2025-01-24,Google Ads,Google Campaign 1,3286,292,37,4551,11.253424657534246,88.8108108108108,12.67123287671233,1.3849665246500305
2025-01-24,Meta Ads,Meta Campaign 4,1622,156,11,572,10.397435897435898,147.45454545454547,7.051282051282051,0.3526510480887793
2025-01-24,Email,Email Campaign 2,2071,937,96,5184,2.2102454642475986,21.572916666666668,10.245464247598719,2.503138580395944
2025-01-24,Influencer,Influencer Campaign 4,2643,103,20,1160,25.660194174757283,132.15,19.41747572815534,0.4388951948543322
2025-01-24,LinkedIn Ads,LinkedIn Campaign 4,4632,148,20,2200,31.2972972972973,231.6,13.513513513513514,0.4749568221070812
2025-01-25,Google Ads,Google Campaign 3,3940,940,102,13362,4.191489361702128,38.627450980392155,10.851063829787234,3.3913705583756344
2025-01-25,Meta Ads,Meta Campaign 1,2826,111,22,1144,25.45945945945946,128.45454545454547,19.81981981981982,0.4048124557678698
2025-01-25,Email,Email Campaign 1,3414,209,24,1488,16.33492822966507,142.25,11.483253588516746,0.4358523725834798
2025-01-25,Influencer,Influencer Campaign 2,4452,169,27,3726,26.34319526627219,164.88888888888889,15.976331360946746,0.8369272237196765
2025-01-25,LinkedIn Ads,LinkedIn Campaign 4,1095,378,69,10350,2.8968253968253967,15.869565217391305,18.253968253968253,9.452054794520548
2025-01-26,Google Ads,Google Campaign 2,1228,659,78,9048,1.8634294385432473,15.743589743589743,11.836115326251896,7.368078175895765
2025-01-26,Meta Ads,Meta Campaign 3,4992,684,47,8742,7.298245614035087,106.2127659574468,6.871345029239766,1.7512019230769231
2025-01-26,Email,Email Campaign 1,895,244,47,5875,3.668032786885246,19.04255319148936,19.262295081967213,6.564245810055866
2025-01-26,Influencer,Influencer Campaign 1,4671,219,37,3293,21.328767123287673,126.24324324324324,16.894977168949772,0.704988225219439
2025-01-26,LinkedIn Ads,LinkedIn Campaign 4,3002,586,77,13321,5.122866894197952,38.98701298701299,13.139931740614335,4.437375083277815
2025-01-27,Google Ads,Google Campaign 3,1217,87,7,1274,13.988505747126437,173.85714285714286,8.045977011494253,1.0468364831552999
2025-01-27,Meta Ads,Meta Campaign 3,4077,225,27,2322,18.12,151.0,12.0,0.5695364238410596
2025-01-27,Email,Email Campaign 1,643,365,24,1848,1.7616438356164383,26.791666666666668,6.575342465753424,2.87402799377916
2025-01-27,Influencer,Influencer Campaign 3,3640,642,38,3572,5.669781931464175,95.78947368421052,5.919003115264798,0.9813186813186813
2025-01-27,LinkedIn Ads,LinkedIn Campaign 1,4991,273,34,5576,18.28205128205128,146.7941176470588,12.454212454212454,1.1172109797635745
2025-01-28,Google Ads,Google Campaign 1,3438,747,101,8989,4.602409638554217,34.039603960396036,13.520749665327978,2.6146015125072717
2025-01-28,Meta Ads,Meta Campaign 3,4136,915,120,9840,4.520218579234973,34.46666666666667,13.114754098360656,2.379110251450677
2025-01-28,Email,Email Campaign 1,1667,311,39,5031,5.360128617363344,42.743589743589745,12.540192926045016,3.017996400719856
2025-01-28,Influencer,Influencer Campaign 1,1562,217,18,1944,7.1981566820276495,86.77777777777777,8.294930875576037,1.2445582586427657
2025-01-28,LinkedIn Ads,LinkedIn Campaign 2,3482,620,45,2790,5.616129032258065,77.37777777777778,7.258064516129033,0.8012636415852958
2025-01-29,Google Ads,Google Campaign 2,3794,412,35,5215,9.20873786407767,108.4,8.495145631067961,1.3745387453874538
2025-01-29,Meta Ads,Meta Campaign 3,1656,240,37,2072,6.9,44.75675675675676,15.416666666666668,1.251207729468599
2025-01-29,Email,Email Campaign 3,1232,182,33,3531,6.769230769230769,37.333333333333336,18.13186813186813,2.8660714285714284
2025-01-29,Influencer,Influencer Campaign 4,1453,810,44,3168,1.7938271604938272,33.02272727272727,5.432098765432099,2.180316586373021
2025-01-29,LinkedIn Ads,LinkedIn Campaign 2,3824,475,32,4992,8.050526315789474,119.5,6.7368421052631575,1.3054393305439331
2025-01-30,Google Ads,Google Campaign 2,2042,486,78,10218,4.20164609053498,26.17948717948718,16.049382716049383,5.003917727717924
2025-01-30,Meta Ads,Meta Campaign 2,1691,405,54,6804,4.175308641975309,31.314814814814813,13.333333333333334,4.023654642223536
2025-01-30,Email,Email Campaign 3,3493,573,29,1798,6.0959860383944156,120.44827586206897,5.06108202443281,0.5147437732608073
2025-01-30,Influencer,Influencer Campaign 2,3181,95,9,594,33.48421052631579,353.44444444444446,9.473684210526317,0.18673373153096512
2025-01-30,LinkedIn Ads,LinkedIn Campaign 1,2040,409,36,4932,4.987775061124695,56.666666666666664,8.80195599022005,2.4176470588235293
2025-01-31,Google Ads,Google Campaign 2,3736,414,69,8211,9.02415458937198,54.14492753623188,16.666666666666664,2.1978051391862956
2025-01-31,Meta Ads,Meta Campaign 4,2886,516,84,10332,5.593023255813954,34.357142857142854,16.27906976744186,3.58004158004158
2025-01-31,Email,Email Campaign 1,1888,282,54,6048,6.695035460992908,34.96296296296296,19.148936170212767,3.2033898305084745
2025-01-31,Influencer,Influencer Campaign 4,1865,461,66,5676,4.045553145336226,28.257575757575758,14.316702819956618,3.04343163538874
2025-01-31,LinkedIn Ads,LinkedIn Campaign 3,2180,327,62,8990,6.666666666666667,35.16129032258065,18.960244648318042,4.123853211009174
